movieId,title,genres
1,Movie 1 (2003),Animation|Romance
2,Movie 2 (1992),Adventure
3,Movie 3 (1997),Drama
4,Movie 4 (1990),Action
5,Movie 5 (2002),Drama
6,Movie 6 (2003),Romance
7,Movie 7 (2010),Drama
8,Movie 8 (2004),Comedy|Animation|Thriller
9,Movie 9 (1990),Drama
10,Movie 10 (2010),Fantasy|Comedy|Romance
11,Movie 11 (2016),Animation
12,Movie 12 (2015),Fantasy|Sci-Fi
13,Movie 13 (2003),Thriller|Drama|Animation
14,Movie 14 (2012),Romance|Action|Thriller
15,Movie 15 (2019),Animation
16,Movie 16 (2018),Thriller|Crime|Fantasy
17,Movie 17 (2008),Drama
18,Movie 18 (2017),Comedy|Adventure|Drama
19,Movie 19 (1994),Crime|Thriller|Animation
20,Movie 20 (1996),Comedy|Animation
21,Movie 21 (2007),Comedy|Adventure
22,Movie 22 (2011),Fantasy|Romance|Adventure
23,Movie 23 (2021),Fantasy|Romance|Animation
24,Movie 24 (1997),Drama|Comedy|Fantasy
25,Movie 25 (1998),Animation|Drama
26,Movie 26 (1998),Romance|Adventure|Comedy
27,Movie 27 (2012),Romance
28,Movie 28 (2006),Fantasy|Crime
29,Movie 29 (2009),Romance|Crime
30,Movie 30 (2009),Comedy|Thriller|Romance
31,Movie 31 (2004),Drama|Animation|Action
32,Movie 32 (1997),Romance|Adventure|Action
33,Movie 33 (1999),Crime|Sci-Fi
34,Movie 34 (2020),Drama
35,Movie 35 (2018),Drama|Action|Animation
36,Movie 36 (2021),Romance|Sci-Fi|Drama
37,Movie 37 (2006),Action|Thriller|Adventure
38,Movie 38 (2016),Comedy
39,Movie 39 (2017),Fantasy|Sci-Fi|Action
40,Movie 40 (2009),Romance|Thriller|Drama
41,Movie 41 (1997),Action|Crime
42,Movie 42 (1993),Crime|Thriller|Romance
43,Movie 43 (2013),Adventure|Action|Animation
44,Movie 44 (1999),Drama|Fantasy
45,Movie 45 (2006),Sci-Fi|Action
46,Movie 46 (2004),Crime
47,Movie 47 (2010),Romance|Animation|Fantasy
48,Movie 48 (2003),Thriller
49,Movie 49 (2006),Crime|Sci-Fi|Animation
50,Movie 50 (1996),Crime|Comedy|Thriller
51,Movie 51 (1998),Sci-Fi
52,Movie 52 (2017),Action|Fantasy|Romance
53,Movie 53 (1995),Animation|Drama
54,Movie 54 (1990),Fantasy|Action|Sci-Fi
55,Movie 55 (2000),Fantasy|Thriller|Adventure
56,Movie 56 (1993),Sci-Fi|Crime|Romance
57,Movie 57 (2011),Sci-Fi|Romance|Crime
58,Movie 58 (1999),Comedy|Drama
59,Movie 59 (2003),Drama
60,Movie 60 (2005),Comedy|Crime|Animation
61,Movie 61 (2022),Romance|Comedy|Fantasy
62,Movie 62 (1990),Sci-Fi|Thriller
63,Movie 63 (2006),Thriller|Sci-Fi
64,Movie 64 (2012),Drama|Action|Romance
65,Movie 65 (2013),Drama|Action|Sci-Fi
66,Movie 66 (2000),Drama
67,Movie 67 (2018),Animation
68,Movie 68 (2018),Drama|Action
69,Movie 69 (2022),Thriller|Drama|Romance
70,Movie 70 (2006),Fantasy|Adventure
71,Movie 71 (1995),Action|Comedy
72,Movie 72 (1992),Drama|Crime|Fantasy
73,Movie 73 (2014),Fantasy|Sci-Fi
74,Movie 74 (2000),Romance
75,Movie 75 (2002),Crime|Sci-Fi
76,Movie 76 (2005),Sci-Fi|Fantasy|Drama
77,Movie 77 (2010),Sci-Fi|Comedy|Drama
78,Movie 78 (1992),Action|Crime|Thriller
79,Movie 79 (2011),Animation
80,Movie 80 (2013),Action|Fantasy|Romance
81,Movie 81 (1995),Adventure
82,Movie 82 (2003),Animation|Comedy|Sci-Fi
83,Movie 83 (2006),Adventure|Thriller|Sci-Fi
84,Movie 84 (1998),Animation|Fantasy|Action
85,Movie 85 (2007),Animation|Comedy
86,Movie 86 (2023),Romance|Comedy|Sci-Fi
87,Movie 87 (2022),Action
88,Movie 88 (2019),Adventure|Action|Animation
89,Movie 89 (2022),Animation|Action|Romance
90,Movie 90 (2011),Crime|Animation|Adventure
91,Movie 91 (2007),Animation
92,Movie 92 (2015),Crime|Sci-Fi
93,Movie 93 (2013),Comedy
94,Movie 94 (2005),Sci-Fi|Animation
95,Movie 95 (2017),Adventure|Crime
96,Movie 96 (1997),Fantasy|Drama
97,Movie 97 (2015),Drama|Action|Thriller
98,Movie 98 (2023),Crime|Romance
99,Movie 99 (2017),Romance|Thriller|Sci-Fi
100,Movie 100 (2007),Animation|Comedy|Drama
101,Movie 101 (2007),Comedy|Action
102,Movie 102 (2001),Crime|Action
103,Movie 103 (1997),Romance
104,Movie 104 (2001),Action
105,Movie 105 (2003),Fantasy|Drama|Crime
106,Movie 106 (2019),Romance
107,Movie 107 (2003),Crime
108,Movie 108 (1991),Thriller|Action
109,Movie 109 (2001),Adventure
110,Movie 110 (2013),Action
111,Movie 111 (2009),Fantasy
112,Movie 112 (2001),Comedy
113,Movie 113 (2002),Fantasy
114,Movie 114 (2004),Comedy
115,Movie 115 (2021),Sci-Fi|Thriller
116,Movie 116 (2003),Action|Comedy
117,Movie 117 (2011),Crime
118,Movie 118 (2019),Romance
119,Movie 119 (2021),Crime|Animation
120,Movie 120 (2022),Romance
121,Movie 121 (2006),Comedy|Crime
122,Movie 122 (2015),Crime|Thriller|Romance
123,Movie 123 (2002),Sci-Fi|Action|Adventure
124,Movie 124 (2003),Sci-Fi|Drama
125,Movie 125 (2015),Romance
126,Movie 126 (2022),Crime|Fantasy
127,Movie 127 (2000),Thriller|Animation|Sci-Fi
128,Movie 128 (2015),Drama|Action|Thriller
129,Movie 129 (2006),Adventure|Fantasy|Sci-Fi
130,Movie 130 (2003),Fantasy|Animation|Thriller
131,Movie 131 (1992),Action|Animation
132,Movie 132 (2010),Adventure|Drama|Thriller
133,Movie 133 (2010),Adventure
134,Movie 134 (2003),Adventure|Action
135,Movie 135 (1990),Thriller|Romance|Sci-Fi
136,Movie 136 (2010),Drama|Romance
137,Movie 137 (2019),Action|Comedy|Fantasy
138,Movie 138 (1996),Romance|Action
139,Movie 139 (2008),Adventure|Comedy|Animation
140,Movie 140 (2000),Romance|Sci-Fi
141,Movie 141 (1995),Drama|Adventure|Fantasy
142,Movie 142 (2003),Comedy
143,Movie 143 (2002),Adventure|Romance|Sci-Fi
144,Movie 144 (1991),Crime
145,Movie 145 (1995),Fantasy|Adventure|Sci-Fi
146,Movie 146 (2010),Fantasy|Drama
147,Movie 147 (2022),Action|Adventure|Romance
148,Movie 148 (2014),Fantasy|Thriller|Adventure
149,Movie 149 (2014),Comedy
150,Movie 150 (2011),Romance|Sci-Fi|Animation
151,Movie 151 (2020),Sci-Fi
152,Movie 152 (1999),Sci-Fi|Comedy
153,Movie 153 (2020),Comedy
154,Movie 154 (2015),Sci-Fi|Adventure|Romance
155,Movie 155 (2006),Comedy|Thriller|Fantasy
156,Movie 156 (2017),Comedy
157,Movie 157 (1996),Crime|Sci-Fi
158,Movie 158 (2015),Thriller|Drama|Fantasy
159,Movie 159 (1996),Crime|Comedy
160,Movie 160 (1997),Sci-Fi|Fantasy|Animation
161,Movie 161 (2001),Crime
162,Movie 162 (2003),Comedy|Thriller
163,Movie 163 (1998),Fantasy|Animation|Romance
164,Movie 164 (2002),Romance|Comedy|Sci-Fi
165,Movie 165 (1994),Animation
166,Movie 166 (2013),Action|Sci-Fi|Crime
167,Movie 167 (2014),Animation|Adventure|Fantasy
168,Movie 168 (2007),Adventure|Thriller
169,Movie 169 (2018),Romance
170,Movie 170 (2016),Fantasy|Animation|Romance
171,Movie 171 (2022),Action|Thriller
172,Movie 172 (2023),Sci-Fi|Fantasy|Crime
173,Movie 173 (2004),Crime|Drama|Sci-Fi
174,Movie 174 (2002),Comedy|Romance|Animation
175,Movie 175 (2021),Action|Drama
176,Movie 176 (2021),Animation
177,Movie 177 (2008),Romance|Action
178,Movie 178 (1993),Thriller|Animation
179,Movie 179 (2002),Sci-Fi|Romance|Thriller
180,Movie 180 (1992),Thriller|Comedy|Crime
181,Movie 181 (2017),Romance|Animation
182,Movie 182 (2002),Comedy|Action
183,Movie 183 (2020),Animation|Crime
184,Movie 184 (1997),Crime
185,Movie 185 (2006),Thriller|Sci-Fi|Adventure
186,Movie 186 (1998),Animation|Crime
187,Movie 187 (2015),Drama|Action
188,Movie 188 (2018),Romance|Comedy
189,Movie 189 (1997),Thriller
190,Movie 190 (2004),Romance
191,Movie 191 (2011),Drama|Thriller|Fantasy
192,Movie 192 (2023),Sci-Fi|Action|Comedy
193,Movie 193 (1999),Fantasy|Action|Crime
194,Movie 194 (2000),Comedy|Fantasy|Crime
195,Movie 195 (1991),Fantasy
196,Movie 196 (2007),Action
197,Movie 197 (2017),Fantasy|Action|Thriller
198,Movie 198 (1995),Comedy
199,Movie 199 (2008),Fantasy|Adventure|Animation
200,Movie 200 (2019),Fantasy|Sci-Fi
201,Movie 201 (2015),Action|Fantasy
202,Movie 202 (2000),Romance|Thriller
203,Movie 203 (2015),Action|Fantasy|Comedy
204,Movie 204 (2013),Adventure|Comedy|Animation
205,Movie 205 (1996),Fantasy|Sci-Fi
206,Movie 206 (1997),Romance|Crime
207,Movie 207 (2021),Crime|Action|Drama
208,Movie 208 (1990),Adventure|Romance
209,Movie 209 (1991),Fantasy
210,Movie 210 (2004),Sci-Fi
211,Movie 211 (2001),Sci-Fi|Adventure|Romance
212,Movie 212 (2004),Fantasy|Animation
213,Movie 213 (2018),Comedy|Crime|Action
214,Movie 214 (2001),Fantasy|Animation|Thriller
215,Movie 215 (2005),Adventure|Animation|Romance
216,Movie 216 (2019),Sci-Fi|Drama
217,Movie 217 (2017),Animation|Fantasy
218,Movie 218 (2003),Action
219,Movie 219 (2015),Adventure|Animation|Fantasy
220,Movie 220 (2018),Fantasy|Drama|Adventure
221,Movie 221 (2008),Adventure|Sci-Fi|Crime
222,Movie 222 (1997),Action|Drama
223,Movie 223 (2007),Romance|Thriller
224,Movie 224 (1992),Comedy|Adventure|Action
225,Movie 225 (2007),Comedy|Crime|Drama
226,Movie 226 (2001),Crime|Drama
227,Movie 227 (1991),Crime
228,Movie 228 (1998),Animation|Crime|Drama
229,Movie 229 (2019),Fantasy|Romance
230,Movie 230 (2008),Sci-Fi
231,Movie 231 (2002),Action
232,Movie 232 (2011),Fantasy
233,Movie 233 (1994),Crime
234,Movie 234 (2023),Adventure|Crime
235,Movie 235 (2002),Romance|Action|Drama
236,Movie 236 (1993),Comedy|Thriller|Action
237,Movie 237 (2009),Thriller|Drama
238,Movie 238 (2023),Sci-Fi
239,Movie 239 (1996),Adventure
240,Movie 240 (2009),Comedy|Romance|Thriller
241,Movie 241 (2006),Action|Crime|Drama
242,Movie 242 (1993),Drama|Adventure|Sci-Fi
243,Movie 243 (2020),Animation|Drama
244,Movie 244 (2007),Animation|Sci-Fi
245,Movie 245 (2012),Thriller
246,Movie 246 (2017),Thriller|Romance
247,Movie 247 (2011),Drama
248,Movie 248 (2022),Animation|Adventure
249,Movie 249 (2001),Romance|Animation|Sci-Fi
250,Movie 250 (2018),Romance|Adventure|Comedy
251,Movie 251 (2022),Thriller|Drama
252,Movie 252 (1990),Crime|Adventure|Fantasy
253,Movie 253 (2008),Romance|Crime
254,Movie 254 (2006),Drama|Romance
255,Movie 255 (2019),Sci-Fi|Drama
256,Movie 256 (2018),Action|Drama|Thriller
257,Movie 257 (2022),Animation|Comedy
258,Movie 258 (2006),Fantasy|Sci-Fi|Crime
259,Movie 259 (2006),Drama|Action
260,Movie 260 (2007),Action|Thriller|Crime
261,Movie 261 (2002),Thriller
262,Movie 262 (2013),Drama|Adventure|Action
263,Movie 263 (2021),Crime|Action
264,Movie 264 (2022),Adventure|Animation|Thriller
265,Movie 265 (2019),Action
266,Movie 266 (2003),Sci-Fi|Thriller|Crime
267,Movie 267 (2004),Adventure
268,Movie 268 (2016),Animation|Romance
269,Movie 269 (1999),Sci-Fi|Romance
270,Movie 270 (2012),Drama|Comedy
271,Movie 271 (1999),Sci-Fi|Thriller
272,Movie 272 (2021),Comedy
273,Movie 273 (2001),Comedy|Fantasy|Thriller
274,Movie 274 (2016),Adventure|Comedy|Romance
275,Movie 275 (2012),Sci-Fi|Thriller
276,Movie 276 (2016),Adventure|Comedy
277,Movie 277 (2015),Fantasy|Action
278,Movie 278 (2005),Comedy|Thriller|Sci-Fi
279,Movie 279 (2021),Drama
280,Movie 280 (1995),Adventure
281,Movie 281 (2015),Action|Drama
282,Movie 282 (2001),Romance|Thriller|Action
283,Movie 283 (2005),Sci-Fi|Crime|Action
284,Movie 284 (2003),Animation|Drama|Adventure
285,Movie 285 (1991),Action
286,Movie 286 (1993),Romance
287,Movie 287 (2017),Drama|Adventure
288,Movie 288 (2020),Crime|Adventure|Romance
289,Movie 289 (1994),Crime|Animation
290,Movie 290 (1991),Sci-Fi|Drama|Adventure
291,Movie 291 (2009),Crime
292,Movie 292 (2000),Crime|Action
293,Movie 293 (2004),Animation
294,Movie 294 (1996),Action|Drama|Animation
295,Movie 295 (2000),Sci-Fi|Crime
296,Movie 296 (2016),Sci-Fi
297,Movie 297 (1991),Action|Drama|Animation
298,Movie 298 (2005),Drama|Animation|Romance
299,Movie 299 (2006),Animation|Comedy|Thriller
300,Movie 300 (2016),Sci-Fi|Crime
301,Movie 301 (1997),Action|Animation
302,Movie 302 (2008),Action
303,Movie 303 (1997),Adventure
304,Movie 304 (1995),Thriller|Adventure|Crime
305,Movie 305 (2021),Comedy|Drama
306,Movie 306 (2000),Fantasy|Sci-Fi|Animation
307,Movie 307 (2009),Fantasy|Comedy
308,Movie 308 (2012),Fantasy|Action
309,Movie 309 (2002),Crime|Thriller
310,Movie 310 (1998),Romance
311,Movie 311 (2016),Romance|Sci-Fi
312,Movie 312 (2009),Sci-Fi|Comedy
313,Movie 313 (2000),Adventure|Drama|Sci-Fi
314,Movie 314 (2004),Fantasy
315,Movie 315 (2001),Action
316,Movie 316 (2018),Fantasy|Adventure
317,Movie 317 (1992),Crime|Thriller|Adventure
318,Movie 318 (1993),Thriller|Fantasy
319,Movie 319 (2012),Fantasy
320,Movie 320 (2007),Sci-Fi|Action
321,Movie 321 (2018),Romance
322,Movie 322 (2010),Adventure|Comedy|Sci-Fi
323,Movie 323 (2004),Action|Thriller
324,Movie 324 (2023),Romance|Crime
325,Movie 325 (1991),Thriller
326,Movie 326 (1998),Drama
327,Movie 327 (2001),Drama|Romance|Adventure
328,Movie 328 (2023),Thriller
329,Movie 329 (1991),Comedy
330,Movie 330 (2021),Comedy|Sci-Fi
331,Movie 331 (2002),Animation|Fantasy
332,Movie 332 (2007),Romance|Comedy
333,Movie 333 (2022),Thriller|Adventure
334,Movie 334 (1994),Animation|Sci-Fi|Thriller
335,Movie 335 (2004),Sci-Fi|Crime|Fantasy
336,Movie 336 (2013),Adventure|Fantasy|Thriller
337,Movie 337 (2017),Thriller|Romance|Sci-Fi
338,Movie 338 (2018),Drama
339,Movie 339 (2005),Thriller
340,Movie 340 (2007),Romance|Sci-Fi
341,Movie 341 (2018),Adventure
342,Movie 342 (2007),Romance
343,Movie 343 (2010),Crime|Animation
344,Movie 344 (2002),Fantasy
345,Movie 345 (2014),Action|Thriller|Adventure
346,Movie 346 (1993),Animation
347,Movie 347 (1995),Sci-Fi|Drama
348,Movie 348 (1990),Sci-Fi|Action
349,Movie 349 (2016),Sci-Fi|Adventure|Fantasy
350,Movie 350 (2013),Romance
351,Movie 351 (2005),Action|Sci-Fi
352,Movie 352 (1999),Sci-Fi|Fantasy
353,Movie 353 (1994),Action|Crime|Drama
354,Movie 354 (2016),Adventure|Comedy
355,Movie 355 (2003),Action
356,Movie 356 (1992),Animation|Action
357,Movie 357 (2019),Thriller|Comedy
358,Movie 358 (2005),Action|Drama
359,Movie 359 (2016),Thriller|Comedy|Drama
360,Movie 360 (2014),Sci-Fi|Adventure
361,Movie 361 (2002),Action|Animation
362,Movie 362 (1992),Comedy|Thriller|Romance
363,Movie 363 (2015),Drama
364,Movie 364 (2023),Thriller
365,Movie 365 (2011),Crime|Comedy
366,Movie 366 (2002),Romance
367,Movie 367 (2020),Action
368,Movie 368 (2006),Thriller
369,Movie 369 (2014),Sci-Fi
370,Movie 370 (2008),Thriller|Fantasy
371,Movie 371 (1996),Animation
372,Movie 372 (1997),Action|Crime|Fantasy
373,Movie 373 (2019),Romance
374,Movie 374 (2008),Drama|Thriller|Romance
375,Movie 375 (2003),Romance|Sci-Fi|Adventure
376,Movie 376 (2002),Sci-Fi|Action
377,Movie 377 (1999),Animation|Comedy|Fantasy
378,Movie 378 (2011),Crime
379,Movie 379 (1998),Action|Comedy
380,Movie 380 (2005),Fantasy|Animation
381,Movie 381 (1994),Drama|Crime|Romance
382,Movie 382 (2011),Animation|Romance
383,Movie 383 (2002),Comedy
384,Movie 384 (1998),Drama
385,Movie 385 (1991),Adventure|Romance
386,Movie 386 (1994),Comedy|Thriller
387,Movie 387 (2012),Adventure|Drama
388,Movie 388 (2010),Fantasy
389,Movie 389 (1997),Action|Animation|Romance
390,Movie 390 (2022),Crime|Adventure
391,Movie 391 (2022),Fantasy|Sci-Fi
392,Movie 392 (2022),Sci-Fi|Crime
393,Movie 393 (2018),Romance
394,Movie 394 (2000),Animation|Thriller|Sci-Fi
395,Movie 395 (1997),Romance
396,Movie 396 (2014),Action
397,Movie 397 (1994),Fantasy|Comedy|Thriller
398,Movie 398 (2018),Action
399,Movie 399 (1995),Fantasy
400,Movie 400 (2003),Sci-Fi|Fantasy|Adventure
401,Movie 401 (2009),Romance
402,Movie 402 (2010),Comedy
403,Movie 403 (1990),Thriller|Animation|Action
404,Movie 404 (1991),Sci-Fi
405,Movie 405 (1990),Thriller
406,Movie 406 (2005),Romance|Crime
407,Movie 407 (1998),Sci-Fi
408,Movie 408 (1997),Drama|Adventure
409,Movie 409 (2000),Animation|Crime
410,Movie 410 (2004),Romance
411,Movie 411 (2021),Action
412,Movie 412 (2014),Adventure|Sci-Fi
413,Movie 413 (2005),Sci-Fi|Action
414,Movie 414 (2019),Comedy
415,Movie 415 (2003),Romance|Animation|Action
416,Movie 416 (2010),Adventure|Sci-Fi|Crime
417,Movie 417 (1999),Action|Romance|Crime
418,Movie 418 (2018),Fantasy|Romance|Adventure
419,Movie 419 (1999),Fantasy|Animation
420,Movie 420 (1991),Action
421,Movie 421 (1992),Thriller|Action|Romance
422,Movie 422 (2021),Sci-Fi|Comedy
423,Movie 423 (2002),Comedy|Romance|Action
424,Movie 424 (2006),Romance
425,Movie 425 (2007),Comedy|Thriller
426,Movie 426 (1997),Action
427,Movie 427 (1999),Crime|Animation
428,Movie 428 (2007),Comedy|Fantasy|Sci-Fi
429,Movie 429 (2003),Sci-Fi|Animation
430,Movie 430 (1991),Thriller
431,Movie 431 (2023),Drama
432,Movie 432 (1998),Crime|Romance
433,Movie 433 (2007),Adventure|Thriller|Action
434,Movie 434 (1999),Crime|Thriller|Sci-Fi
435,Movie 435 (2022),Crime|Romance|Comedy
436,Movie 436 (2003),Thriller|Action
437,Movie 437 (2014),Action|Drama
438,Movie 438 (2003),Adventure
439,Movie 439 (2007),Thriller|Action
440,Movie 440 (2018),Comedy|Adventure
441,Movie 441 (2004),Romance|Sci-Fi|Animation
442,Movie 442 (1995),Animation|Romance
443,Movie 443 (2015),Drama|Animation
444,Movie 444 (2007),Thriller|Romance|Sci-Fi
445,Movie 445 (2008),Sci-Fi
446,Movie 446 (1997),Drama
447,Movie 447 (2016),Drama|Romance|Crime
448,Movie 448 (1994),Action
449,Movie 449 (2013),Animation
450,Movie 450 (2016),Fantasy|Action
451,Movie 451 (2022),Action|Sci-Fi|Adventure
452,Movie 452 (1999),Sci-Fi|Romance
453,Movie 453 (2008),Crime|Action|Romance
454,Movie 454 (2003),Crime
455,Movie 455 (2002),Sci-Fi
456,Movie 456 (2000),Animation|Adventure|Fantasy
457,Movie 457 (1999),Adventure|Fantasy
458,Movie 458 (2022),Thriller|Fantasy|Action
459,Movie 459 (2013),Adventure
460,Movie 460 (1994),Adventure|Crime
461,Movie 461 (2012),Thriller|Adventure
462,Movie 462 (2000),Romance|Fantasy
463,Movie 463 (1997),Fantasy
464,Movie 464 (2006),Fantasy|Adventure
465,Movie 465 (2019),Animation|Crime|Adventure
466,Movie 466 (2013),Animation
467,Movie 467 (2009),Drama|Crime|Action
468,Movie 468 (2014),Adventure|Comedy
469,Movie 469 (1994),Crime
470,Movie 470 (2023),Action|Adventure|Sci-Fi
471,Movie 471 (2016),Sci-Fi|Adventure
472,Movie 472 (2002),Adventure
473,Movie 473 (2023),Sci-Fi|Action
474,Movie 474 (2011),Sci-Fi
475,Movie 475 (2009),Adventure|Sci-Fi
476,Movie 476 (2013),Comedy|Crime|Action
477,Movie 477 (2015),Romance
478,Movie 478 (1990),Crime
479,Movie 479 (1993),Thriller|Drama
480,Movie 480 (2012),Fantasy|Action|Crime
481,Movie 481 (2007),Action|Romance|Fantasy
482,Movie 482 (2003),Thriller
483,Movie 483 (1995),Drama|Adventure|Thriller
484,Movie 484 (1995),Adventure|Crime
485,Movie 485 (2018),Drama
486,Movie 486 (2018),Action|Drama|Comedy
487,Movie 487 (2020),Drama
488,Movie 488 (2005),Animation|Crime
489,Movie 489 (1999),Drama|Sci-Fi|Romance
490,Movie 490 (2002),Thriller|Action|Sci-Fi
491,Movie 491 (2012),Sci-Fi|Comedy|Fantasy
492,Movie 492 (2004),Fantasy|Comedy
493,Movie 493 (2004),Fantasy|Romance
494,Movie 494 (2002),Drama|Sci-Fi|Comedy
495,Movie 495 (2005),Romance
496,Movie 496 (2001),Adventure
497,Movie 497 (2008),Action|Fantasy
498,Movie 498 (2011),Crime|Fantasy
499,Movie 499 (2021),Comedy|Adventure|Fantasy
500,Movie 500 (1993),Comedy|Crime|Sci-Fi
501,Movie 501 (1993),Crime
502,Movie 502 (2002),Fantasy|Drama|Romance
503,Movie 503 (2005),Comedy
504,Movie 504 (1996),Fantasy|Adventure
505,Movie 505 (2003),Drama|Animation|Thriller
506,Movie 506 (1997),Sci-Fi|Crime
507,Movie 507 (2007),Drama
508,Movie 508 (1991),Action|Thriller
509,Movie 509 (1997),Sci-Fi|Thriller|Animation
510,Movie 510 (1999),Romance|Comedy
511,Movie 511 (2006),Adventure|Animation
512,Movie 512 (2002),Comedy|Romance|Crime
513,Movie 513 (1998),Action|Crime
514,Movie 514 (2023),Comedy|Sci-Fi
515,Movie 515 (2015),Drama
516,Movie 516 (2000),Drama
517,Movie 517 (2015),Sci-Fi
518,Movie 518 (1997),Crime
519,Movie 519 (1998),Comedy|Romance
520,Movie 520 (2001),Romance|Drama
521,Movie 521 (2006),Action|Sci-Fi
522,Movie 522 (2010),Animation|Action
523,Movie 523 (1991),Action|Fantasy|Animation
524,Movie 524 (1992),Romance|Adventure|Thriller
525,Movie 525 (1999),Thriller|Fantasy|Adventure
526,Movie 526 (1993),Crime|Action|Comedy
527,Movie 527 (2002),Drama|Action
528,Movie 528 (2016),Romance|Sci-Fi|Thriller
529,Movie 529 (2014),Crime|Adventure|Animation
530,Movie 530 (2023),Thriller|Fantasy
531,Movie 531 (2011),Thriller|Adventure|Drama
532,Movie 532 (1991),Comedy
533,Movie 533 (1992),Adventure|Animation
534,Movie 534 (2003),Comedy
535,Movie 535 (1992),Crime|Romance|Adventure
536,Movie 536 (1991),Drama
537,Movie 537 (2016),Animation
538,Movie 538 (2003),Thriller|Crime|Adventure
539,Movie 539 (1993),Crime|Action
540,Movie 540 (1996),Thriller|Comedy|Sci-Fi
541,Movie 541 (2015),Adventure
542,Movie 542 (2014),Thriller
543,Movie 543 (2016),Thriller|Adventure
544,Movie 544 (1998),Sci-Fi
545,Movie 545 (2009),Drama|Crime|Sci-Fi
546,Movie 546 (2012),Sci-Fi|Action|Comedy
547,Movie 547 (1999),Sci-Fi|Crime|Comedy
548,Movie 548 (2019),Drama|Romance
549,Movie 549 (2003),Fantasy|Animation|Thriller
550,Movie 550 (2017),Romance
551,Movie 551 (1994),Adventure|Animation|Comedy
552,Movie 552 (2010),Sci-Fi|Thriller
553,Movie 553 (2012),Romance|Thriller
554,Movie 554 (2014),Animation|Drama|Action
555,Movie 555 (2012),Action
556,Movie 556 (2001),Comedy
557,Movie 557 (2005),Comedy
558,Movie 558 (2010),Comedy|Sci-Fi
559,Movie 559 (2018),Crime
560,Movie 560 (2008),Action|Animation|Crime
561,Movie 561 (2021),Romance
562,Movie 562 (1996),Drama|Romance|Comedy
563,Movie 563 (1996),Romance
564,Movie 564 (1993),Drama|Animation
565,Movie 565 (1993),Animation|Action
566,Movie 566 (1990),Sci-Fi
567,Movie 567 (2022),Adventure
568,Movie 568 (2007),Adventure|Sci-Fi|Animation
569,Movie 569 (2009),Romance|Drama
570,Movie 570 (2019),Sci-Fi
571,Movie 571 (1991),Romance|Drama
572,Movie 572 (1990),Comedy|Thriller
573,Movie 573 (2006),Thriller|Sci-Fi
574,Movie 574 (2000),Adventure|Action
575,Movie 575 (2000),Adventure|Romance|Animation
576,Movie 576 (1996),Thriller|Sci-Fi
577,Movie 577 (1994),Fantasy|Animation|Sci-Fi
578,Movie 578 (2001),Romance
579,Movie 579 (2004),Adventure
580,Movie 580 (2018),Adventure|Drama
581,Movie 581 (2007),Action|Sci-Fi|Fantasy
582,Movie 582 (2013),Thriller
583,Movie 583 (2003),Fantasy
584,Movie 584 (1995),Comedy
585,Movie 585 (2022),Adventure
586,Movie 586 (2019),Fantasy|Drama
587,Movie 587 (1991),Romance
588,Movie 588 (2021),Action|Crime
589,Movie 589 (2009),Comedy|Fantasy|Romance
590,Movie 590 (1996),Adventure|Animation|Comedy
591,Movie 591 (2015),Action|Adventure|Thriller
592,Movie 592 (1994),Drama
593,Movie 593 (2015),Drama
594,Movie 594 (2003),Action|Fantasy
595,Movie 595 (2012),Fantasy|Sci-Fi|Comedy
596,Movie 596 (2017),Drama
597,Movie 597 (2000),Drama|Comedy|Thriller
598,Movie 598 (2008),Thriller|Adventure
599,Movie 599 (1992),Comedy|Sci-Fi
600,Movie 600 (2021),Comedy
601,Movie 601 (2002),Sci-Fi|Action
602,Movie 602 (2014),Action|Thriller
603,Movie 603 (1997),Crime|Thriller
604,Movie 604 (2022),Thriller|Adventure|Animation
605,Movie 605 (2014),Comedy
606,Movie 606 (1993),Drama|Crime|Action
607,Movie 607 (2010),Adventure|Animation|Action
608,Movie 608 (2003),Drama|Animation
609,Movie 609 (2022),Comedy|Crime|Drama
610,Movie 610 (1997),Fantasy|Comedy|Romance
611,Movie 611 (2017),Sci-Fi|Action
612,Movie 612 (1991),Action|Romance
613,Movie 613 (1997),Sci-Fi
614,Movie 614 (2008),Action
615,Movie 615 (2011),Animation
616,Movie 616 (1995),Crime|Sci-Fi
617,Movie 617 (2021),Crime|Sci-Fi|Fantasy
618,Movie 618 (2012),Fantasy|Adventure
619,Movie 619 (2022),Crime|Romance|Action
620,Movie 620 (2002),Fantasy|Action|Romance
621,Movie 621 (2007),Crime|Romance
622,Movie 622 (2014),Drama
623,Movie 623 (2022),Comedy|Romance
624,Movie 624 (2021),Animation|Adventure
625,Movie 625 (1996),Action|Sci-Fi
626,Movie 626 (2017),Comedy
627,Movie 627 (2018),Thriller
628,Movie 628 (2012),Animation|Action|Crime
629,Movie 629 (2022),Comedy
630,Movie 630 (2014),Crime|Drama
631,Movie 631 (2015),Adventure
632,Movie 632 (2019),Action
633,Movie 633 (2000),Animation|Adventure|Action
634,Movie 634 (2022),Thriller
635,Movie 635 (2020),Thriller|Drama|Crime
636,Movie 636 (2008),Animation
637,Movie 637 (2015),Thriller
638,Movie 638 (2005),Animation|Romance|Drama
639,Movie 639 (2014),Adventure|Romance
640,Movie 640 (2014),Comedy|Adventure|Thriller
641,Movie 641 (2021),Comedy|Action|Crime
642,Movie 642 (2023),Action|Animation|Sci-Fi
643,Movie 643 (1994),Fantasy
644,Movie 644 (1991),Fantasy|Animation|Action
645,Movie 645 (2013),Animation|Adventure
646,Movie 646 (1990),Thriller
647,Movie 647 (2009),Comedy|Adventure
648,Movie 648 (2012),Fantasy|Crime
649,Movie 649 (2023),Drama
650,Movie 650 (2010),Drama|Sci-Fi
651,Movie 651 (2009),Sci-Fi
652,Movie 652 (2014),Sci-Fi|Drama
653,Movie 653 (2003),Romance|Comedy|Adventure
654,Movie 654 (1991),Crime|Romance|Comedy
655,Movie 655 (1997),Thriller|Adventure
656,Movie 656 (1995),Crime
657,Movie 657 (2004),Comedy|Drama
658,Movie 658 (2006),Fantasy
659,Movie 659 (2020),Adventure|Action
660,Movie 660 (2020),Sci-Fi
661,Movie 661 (2010),Romance|Animation|Sci-Fi
662,Movie 662 (1993),Thriller|Animation
663,Movie 663 (2010),Romance|Fantasy|Comedy
664,Movie 664 (2006),Animation
665,Movie 665 (1997),Action|Drama
666,Movie 666 (1995),Comedy|Thriller
667,Movie 667 (1999),Thriller
668,Movie 668 (2000),Romance|Action|Thriller
669,Movie 669 (2013),Action|Drama|Animation
670,Movie 670 (2014),Animation|Drama|Action
671,Movie 671 (1991),Crime
672,Movie 672 (2001),Drama|Thriller
673,Movie 673 (1999),Adventure|Thriller|Animation
674,Movie 674 (1999),Romance
675,Movie 675 (2010),Comedy|Drama
676,Movie 676 (2014),Adventure
677,Movie 677 (2012),Romance|Fantasy|Sci-Fi
678,Movie 678 (2019),Crime|Thriller
679,Movie 679 (2017),Comedy|Thriller
680,Movie 680 (2000),Thriller|Action|Adventure
681,Movie 681 (2001),Sci-Fi|Drama
682,Movie 682 (2014),Comedy|Romance
683,Movie 683 (1999),Sci-Fi|Romance|Drama
684,Movie 684 (2008),Drama|Thriller|Comedy
685,Movie 685 (2014),Fantasy|Action
686,Movie 686 (1993),Comedy|Adventure
687,Movie 687 (2011),Fantasy|Animation
688,Movie 688 (1995),Crime
689,Movie 689 (2018),Thriller|Comedy|Sci-Fi
690,Movie 690 (1994),Drama
691,Movie 691 (2012),Action
692,Movie 692 (2001),Fantasy|Adventure|Romance
693,Movie 693 (1996),Comedy|Adventure|Fantasy
694,Movie 694 (2019),Sci-Fi|Comedy
695,Movie 695 (2013),Drama
696,Movie 696 (2000),Thriller|Romance|Drama
697,Movie 697 (2002),Comedy|Animation
698,Movie 698 (2006),Action|Romance
699,Movie 699 (2009),Sci-Fi
700,Movie 700 (2016),Thriller
701,Movie 701 (2000),Sci-Fi|Comedy|Crime
702,Movie 702 (1994),Adventure|Drama|Action
703,Movie 703 (2002),Romance|Comedy|Thriller
704,Movie 704 (2008),Comedy|Sci-Fi|Drama
705,Movie 705 (2013),Animation|Thriller|Comedy
706,Movie 706 (2008),Animation|Thriller|Fantasy
707,Movie 707 (2018),Crime|Romance|Animation
708,Movie 708 (2015),Crime|Action|Adventure
709,Movie 709 (1997),Crime
710,Movie 710 (2016),Romance|Thriller
711,Movie 711 (2004),Sci-Fi|Drama|Action
712,Movie 712 (2007),Animation
713,Movie 713 (1990),Adventure|Action
714,Movie 714 (2012),Romance|Adventure|Crime
715,Movie 715 (2010),Crime|Animation|Romance
716,Movie 716 (1998),Romance
717,Movie 717 (2005),Romance|Drama|Sci-Fi
718,Movie 718 (1999),Drama
719,Movie 719 (2019),Sci-Fi|Drama|Action
720,Movie 720 (2012),Animation|Fantasy
721,Movie 721 (2008),Action|Comedy|Drama
722,Movie 722 (2010),Thriller
723,Movie 723 (2000),Drama|Thriller
724,Movie 724 (1995),Romance|Drama|Comedy
725,Movie 725 (2018),Adventure
726,Movie 726 (2010),Comedy|Thriller
727,Movie 727 (1990),Adventure|Drama
728,Movie 728 (2018),Fantasy|Crime
729,Movie 729 (2019),Romance|Action
730,Movie 730 (1997),Animation|Comedy|Romance
731,Movie 731 (2009),Comedy
732,Movie 732 (2018),Romance|Drama|Thriller
733,Movie 733 (2006),Thriller|Crime
734,Movie 734 (2001),Adventure|Action|Thriller
735,Movie 735 (1996),Crime
736,Movie 736 (2019),Drama|Animation
737,Movie 737 (2023),Thriller
738,Movie 738 (2017),Thriller|Action
739,Movie 739 (1996),Drama|Sci-Fi|Fantasy
740,Movie 740 (1999),Fantasy|Romance
741,Movie 741 (2018),Romance|Comedy
742,Movie 742 (2001),Comedy|Sci-Fi|Thriller
743,Movie 743 (2023),Comedy|Action
744,Movie 744 (1998),Comedy
745,Movie 745 (1998),Fantasy|Comedy|Crime
746,Movie 746 (2014),Sci-Fi|Drama
747,Movie 747 (1995),Romance|Crime|Animation
748,Movie 748 (2020),Animation|Romance|Fantasy
749,Movie 749 (2018),Thriller
750,Movie 750 (2020),Action|Adventure
751,Movie 751 (1996),Fantasy|Sci-Fi|Crime
752,Movie 752 (2014),Romance
753,Movie 753 (1996),Drama|Romance|Thriller
754,Movie 754 (2018),Animation
755,Movie 755 (2015),Comedy
756,Movie 756 (1994),Crime|Animation|Fantasy
757,Movie 757 (2003),Comedy
758,Movie 758 (2008),Romance|Comedy
759,Movie 759 (2010),Adventure|Animation
760,Movie 760 (2021),Comedy|Thriller|Crime
761,Movie 761 (1997),Sci-Fi|Crime
762,Movie 762 (1999),Romance|Animation
763,Movie 763 (2017),Adventure
764,Movie 764 (2003),Sci-Fi
765,Movie 765 (2009),Animation|Romance|Sci-Fi
766,Movie 766 (2006),Drama|Comedy
767,Movie 767 (2012),Drama|Crime|Comedy
768,Movie 768 (1996),Romance|Action
769,Movie 769 (1996),Comedy
770,Movie 770 (2008),Comedy
771,Movie 771 (2009),Thriller
772,Movie 772 (2019),Animation
773,Movie 773 (2021),Sci-Fi
774,Movie 774 (2003),Adventure|Animation|Drama
775,Movie 775 (2012),Action
776,Movie 776 (2012),Sci-Fi|Crime
777,Movie 777 (2006),Animation|Drama|Fantasy
778,Movie 778 (1992),Animation|Comedy|Crime
779,Movie 779 (2011),Animation|Sci-Fi
780,Movie 780 (1999),Animation|Thriller|Comedy
781,Movie 781 (1991),Animation|Drama|Crime
782,Movie 782 (1996),Sci-Fi|Romance|Fantasy
783,Movie 783 (2003),Sci-Fi
784,Movie 784 (1990),Sci-Fi|Adventure
785,Movie 785 (2001),Romance
786,Movie 786 (2008),Romance|Comedy
787,Movie 787 (2004),Comedy|Adventure|Drama
788,Movie 788 (1995),Fantasy|Comedy|Thriller
789,Movie 789 (2013),Adventure
790,Movie 790 (1994),Romance|Adventure|Animation
791,Movie 791 (2009),Thriller
792,Movie 792 (2014),Comedy
793,Movie 793 (2001),Fantasy
794,Movie 794 (1997),Thriller
795,Movie 795 (2008),Thriller|Adventure|Sci-Fi
796,Movie 796 (1997),Drama|Crime|Adventure
797,Movie 797 (2020),Drama|Action|Animation
798,Movie 798 (2008),Sci-Fi
799,Movie 799 (2021),Fantasy|Romance
800,Movie 800 (2014),Action|Sci-Fi|Crime
801,Movie 801 (2018),Action
802,Movie 802 (1993),Crime|Action|Thriller
803,Movie 803 (2021),Sci-Fi
804,Movie 804 (1996),Thriller|Adventure
805,Movie 805 (2022),Sci-Fi
806,Movie 806 (1993),Crime
807,Movie 807 (2005),Comedy|Romance
808,Movie 808 (2018),Comedy|Crime|Romance
809,Movie 809 (2004),Drama|Crime|Sci-Fi
810,Movie 810 (2014),Crime|Fantasy|Romance
811,Movie 811 (1996),Drama
812,Movie 812 (2016),Thriller
813,Movie 813 (2012),Romance|Sci-Fi|Animation
814,Movie 814 (2010),Action|Crime|Animation
815,Movie 815 (2011),Crime|Sci-Fi
816,Movie 816 (1999),Sci-Fi
817,Movie 817 (1998),Animation|Romance
818,Movie 818 (2019),Sci-Fi
819,Movie 819 (2011),Fantasy|Comedy
820,Movie 820 (2015),Thriller|Animation
821,Movie 821 (2021),Drama|Crime|Sci-Fi
822,Movie 822 (1994),Thriller|Drama|Fantasy
823,Movie 823 (2008),Crime|Thriller|Fantasy
824,Movie 824 (2010),Sci-Fi|Romance|Thriller
825,Movie 825 (1997),Comedy|Animation
826,Movie 826 (2008),Crime
827,Movie 827 (1992),Sci-Fi|Fantasy
828,Movie 828 (1998),Romance|Crime
829,Movie 829 (2005),Action|Drama
830,Movie 830 (1999),Sci-Fi
831,Movie 831 (2004),Thriller|Sci-Fi|Crime
832,Movie 832 (2016),Romance|Adventure
833,Movie 833 (2019),Adventure|Action
834,Movie 834 (2001),Thriller|Comedy|Crime
835,Movie 835 (1991),Crime
836,Movie 836 (2008),Romance|Comedy
837,Movie 837 (2008),Animation
838,Movie 838 (1998),Action
839,Movie 839 (2020),Drama|Action|Comedy
840,Movie 840 (2021),Action
841,Movie 841 (2020),Action
842,Movie 842 (2009),Adventure|Drama
843,Movie 843 (2007),Action
844,Movie 844 (1997),Sci-Fi
845,Movie 845 (1998),Fantasy
846,Movie 846 (2010),Crime|Action
847,Movie 847 (1997),Drama|Animation|Sci-Fi
848,Movie 848 (2014),Romance
849,Movie 849 (2002),Thriller
850,Movie 850 (2003),Thriller
851,Movie 851 (1995),Thriller
852,Movie 852 (1991),Action|Crime|Drama
853,Movie 853 (2018),Animation|Crime|Romance
854,Movie 854 (2020),Thriller
855,Movie 855 (2018),Comedy
856,Movie 856 (1999),Animation|Romance|Drama
857,Movie 857 (1990),Fantasy
858,Movie 858 (2021),Crime|Comedy|Drama
859,Movie 859 (2020),Fantasy
860,Movie 860 (2017),Thriller
861,Movie 861 (2002),Animation|Drama
862,Movie 862 (1990),Romance|Drama
863,Movie 863 (2003),Sci-Fi|Comedy
864,Movie 864 (2010),Animation|Drama|Romance
865,Movie 865 (1996),Romance
866,Movie 866 (2000),Animation
867,Movie 867 (2018),Adventure|Drama|Fantasy
868,Movie 868 (2003),Fantasy|Romance|Action
869,Movie 869 (2019),Thriller
870,Movie 870 (2016),Romance|Fantasy
871,Movie 871 (1995),Sci-Fi|Drama
872,Movie 872 (1990),Drama|Animation|Crime
873,Movie 873 (2011),Animation
874,Movie 874 (1990),Animation|Romance|Comedy
875,Movie 875 (2015),Drama
876,Movie 876 (2009),Thriller
877,Movie 877 (2020),Romance|Adventure
878,Movie 878 (2012),Romance|Action|Comedy
879,Movie 879 (1993),Action|Fantasy|Adventure
880,Movie 880 (2006),Romance
881,Movie 881 (2012),Action|Comedy
882,Movie 882 (2002),Romance
883,Movie 883 (1997),Romance|Animation
884,Movie 884 (2002),Comedy|Fantasy|Romance
885,Movie 885 (2020),Thriller|Adventure|Comedy
886,Movie 886 (2021),Comedy|Fantasy
887,Movie 887 (1990),Adventure|Animation
888,Movie 888 (2008),Romance|Drama|Adventure
889,Movie 889 (2022),Sci-Fi
890,Movie 890 (1992),Romance|Comedy|Thriller
891,Movie 891 (2013),Romance
892,Movie 892 (1997),Fantasy|Crime|Sci-Fi
893,Movie 893 (2004),Romance
894,Movie 894 (2021),Fantasy|Comedy
895,Movie 895 (2001),Animation
896,Movie 896 (1991),Fantasy
897,Movie 897 (2011),Action|Fantasy
898,Movie 898 (2003),Comedy|Drama
899,Movie 899 (2009),Drama|Adventure
900,Movie 900 (2011),Crime|Comedy
901,Movie 901 (1995),Animation|Adventure|Sci-Fi
902,Movie 902 (2014),Drama|Romance
903,Movie 903 (2004),Comedy
904,Movie 904 (1999),Fantasy|Romance|Action
905,Movie 905 (1996),Thriller
906,Movie 906 (1994),Romance|Animation
907,Movie 907 (2003),Drama|Crime|Fantasy
908,Movie 908 (2003),Thriller
909,Movie 909 (1995),Action|Fantasy
910,Movie 910 (1996),Thriller
911,Movie 911 (2003),Thriller|Fantasy
912,Movie 912 (2015),Sci-Fi|Crime
913,Movie 913 (1997),Romance|Drama
914,Movie 914 (2010),Action|Fantasy|Drama
915,Movie 915 (2003),Adventure|Fantasy
916,Movie 916 (2019),Crime|Thriller
917,Movie 917 (1995),Fantasy
918,Movie 918 (2014),Thriller|Fantasy|Action
919,Movie 919 (1999),Drama
920,Movie 920 (2005),Fantasy|Comedy
921,Movie 921 (2010),Thriller
922,Movie 922 (2020),Adventure|Animation
923,Movie 923 (2005),Fantasy|Thriller|Action
924,Movie 924 (2011),Comedy|Adventure
925,Movie 925 (2007),Comedy
926,Movie 926 (2018),Action|Fantasy|Thriller
927,Movie 927 (2022),Thriller|Fantasy
928,Movie 928 (2022),Fantasy|Crime|Comedy
929,Movie 929 (1997),Sci-Fi|Drama
930,Movie 930 (2017),Comedy|Animation
931,Movie 931 (2005),Adventure|Comedy|Drama
932,Movie 932 (2020),Fantasy
933,Movie 933 (2014),Sci-Fi
934,Movie 934 (1993),Thriller
935,Movie 935 (2019),Action|Sci-Fi|Comedy
936,Movie 936 (2018),Animation
937,Movie 937 (1994),Adventure|Animation
938,Movie 938 (2018),Animation
939,Movie 939 (1995),Comedy
940,Movie 940 (1995),Sci-Fi|Fantasy
941,Movie 941 (2001),Crime|Thriller
942,Movie 942 (1994),Thriller
943,Movie 943 (2022),Comedy|Crime|Sci-Fi
944,Movie 944 (1996),Sci-Fi|Animation
945,Movie 945 (1990),Thriller
946,Movie 946 (1996),Comedy
947,Movie 947 (2020),Crime|Animation
948,Movie 948 (1992),Thriller|Romance|Adventure
949,Movie 949 (2022),Fantasy|Drama
950,Movie 950 (2003),Romance|Sci-Fi|Fantasy
951,Movie 951 (1997),Sci-Fi|Crime|Drama
952,Movie 952 (2011),Romance|Fantasy|Thriller
953,Movie 953 (2007),Fantasy
954,Movie 954 (2009),Adventure|Action
955,Movie 955 (2021),Sci-Fi
956,Movie 956 (2016),Comedy|Sci-Fi
957,Movie 957 (2010),Romance
958,Movie 958 (1993),Animation
959,Movie 959 (2013),Drama
960,Movie 960 (1996),Romance|Thriller
961,Movie 961 (1998),Drama|Sci-Fi
962,Movie 962 (2017),Animation|Crime
963,Movie 963 (1995),Drama|Thriller|Comedy
964,Movie 964 (2015),Thriller|Fantasy
965,Movie 965 (2007),Action|Adventure|Drama
966,Movie 966 (1997),Adventure|Crime|Animation
967,Movie 967 (1996),Drama
968,Movie 968 (1992),Adventure|Sci-Fi
969,Movie 969 (2004),Animation|Comedy|Action
970,Movie 970 (1996),Fantasy|Crime|Adventure
971,Movie 971 (2003),Drama
972,Movie 972 (2020),Thriller|Drama
973,Movie 973 (2022),Comedy|Drama|Fantasy
974,Movie 974 (2019),Animation
975,Movie 975 (2016),Adventure|Action|Sci-Fi
976,Movie 976 (2002),Crime|Drama|Fantasy
977,Movie 977 (2019),Drama|Romance|Thriller
978,Movie 978 (1993),Animation|Comedy|Action
979,Movie 979 (2017),Adventure|Romance
980,Movie 980 (2001),Thriller|Sci-Fi|Romance
981,Movie 981 (1993),Fantasy|Animation
982,Movie 982 (2014),Sci-Fi|Thriller
983,Movie 983 (2003),Action|Romance
984,Movie 984 (2015),Crime
985,Movie 985 (1997),Sci-Fi|Action|Adventure
986,Movie 986 (2003),Thriller|Romance|Animation
987,Movie 987 (2023),Thriller|Sci-Fi
988,Movie 988 (2010),Fantasy
989,Movie 989 (2016),Action|Animation|Drama
990,Movie 990 (1997),Drama|Action
991,Movie 991 (2012),Animation|Adventure
992,Movie 992 (2007),Thriller|Animation
993,Movie 993 (1990),Action|Sci-Fi|Animation
994,Movie 994 (2017),Crime|Drama|Sci-Fi
995,Movie 995 (1990),Crime|Sci-Fi|Romance
996,Movie 996 (1996),Sci-Fi|Thriller|Adventure
997,Movie 997 (2021),Romance|Crime
998,Movie 998 (2010),Drama|Sci-Fi|Adventure
999,Movie 999 (2016),Crime
1000,Movie 1000 (2007),Fantasy|Comedy|Animation
